:START_ID(Employee),:END_ID(Order),:TYPE
1,100,PROCESSED
1,99,PROCESSED
1,97,PROCESSED
1,89,PROCESSED
1,88,PROCESSED
1,87,PROCESSED
1,85,PROCESSED
1,83,PROCESSED
1,77,PROCESSED
1,75,PROCESSED
1,69,PROCESSED
1,68,PROCESSED
1,65,PROCESSED
1,59,PROCESSED
1,58,PROCESSED
1,55,PROCESSED
1,44,PROCESSED
1,41,PROCESSED
1,38,PROCESSED
1,35,PROCESSED
1,27,PROCESSED
1,23,PROCESSED
1,22,PROCESSED
1,21,PROCESSED
1,19,PROCESSED
1,18,PROCESSED
1,12,PROCESSED
1,9,PROCESSED
1,6,PROCESSED
2,98,PROCESSED
2,90,PROCESSED
2,86,PROCESSED
2,82,PROCESSED
2,81,PROCESSED
2,74,PROCESSED
2,71,PROCESSED
2,70,PROCESSED
2,67,PROCESSED
2,60,PROCESSED
2,51,PROCESSED
2,50,PROCESSED
2,49,PROCESSED
2,43,PROCESSED
2,42,PROCESSED
2,40,PROCESSED
2,33,PROCESSED
2,32,PROCESSED
2,31,PROCESSED
2,29,PROCESSED
2,28,PROCESSED
2,25,PROCESSED
2,14,PROCESSED
2,8,PROCESSED
2,7,PROCESSED
2,5,PROCESSED
2,1,PROCESSED
3,96,PROCESSED
3,95,PROCESSED
3,94,PROCESSED
3,93,PROCESSED
3,92,PROCESSED
3,91,PROCESSED
3,84,PROCESSED
3,80,PROCESSED
3,79,PROCESSED
3,78,PROCESSED
3,76,PROCESSED
3,73,PROCESSED
3,72,PROCESSED
3,66,PROCESSED
3,64,PROCESSED
3,63,PROCESSED
3,62,PROCESSED
3,61,PROCESSED
3,57,PROCESSED
3,56,PROCESSED
3,54,PROCESSED
3,53,PROCESSED
3,52,PROCESSED
3,48,PROCESSED
3,47,PROCESSED
3,46,PROCESSED
3,45,PROCESSED
3,39,PROCESSED
3,37,PROCESSED
3,36,PROCESSED
3,34,PROCESSED
3,30,PROCESSED
3,26,PROCESSED
3,24,PROCESSED
3,20,PROCESSED
3,17,PROCESSED
3,16,PROCESSED
3,15,PROCESSED
3,13,PROCESSED
3,11,PROCESSED
3,10,PROCESSED
3,4,PROCESSED
3,3,PROCESSED
3,2,PROCESSED
